{"avg_acc": [[0.07642487046632124, 0.059941520467836254, 0.24336283185840707, 0.5357142857142857, 0.43859649122807015, 0.9320388349514563, 0.41899441340782123, 0.3782051282051282, 0.6, 0.29596412556053814], [0.09196891191709844, 0.08333333333333333, 0.25663716814159293, 0.5089285714285714, 0.3684210526315789, 0.9320388349514563, 0.4134078212290503, 0.3814102564102564, 0.7, 0.242152466367713], [0.11658031088082901, 0.06286549707602339, 0.2168141592920354, 0.5044642857142857, 0.40350877192982454, 0.9223300970873787, 0.40782122905027934, 0.3814102564102564, 0.7, 0.22869955156950672], [0.10233160621761658, 0.07748538011695906, 0.252212389380531, 0.48660714285714285, 0.3684210526315789, 0.9320388349514563, 0.4022346368715084, 0.36698717948717946, 0.7, 0.2242152466367713], [0.10362694300518134, 0.08187134502923976, 0.23893805309734514, 0.4375, 0.40350877192982454, 0.9514563106796117, 0.3743016759776536, 0.40224358974358976, 0.7, 0.24663677130044842], [0.10103626943005181, 0.08771929824561403, 0.23893805309734514, 0.5535714285714286, 0.42105263157894735, 0.9223300970873787, 0.39664804469273746, 0.391025641025641, 0.7, 0.19955156950672645], [0.09844559585492228, 0.08187134502923976, 0.26548672566371684, 0.5267857142857143, 0.42105263157894735, 0.9320388349514563, 0.43575418994413406, 0.3766025641025641, 0.7, 0.2040358744394619], [0.09585492227979274, 0.08333333333333333, 0.26991150442477874, 0.49107142857142855, 0.5087719298245614, 0.9223300970873787, 0.4022346368715084, 0.38301282051282054, 0.8, 0.2062780269058296], [0.10362694300518134, 0.07602339181286549, 0.26548672566371684, 0.4732142857142857, 0.45614035087719296, 0.9320388349514563, 0.3743016759776536, 0.3766025641025641, 0.8, 0.2062780269058296], [0.10362694300518134, 0.09941520467836257, 0.252212389380531, 0.3169642857142857, 0.45614035087719296, 0.9514563106796117, 0.3016759776536313, 0.3685897435897436, 0.7, 0.21973094170403587]], "whole_acc": [0.25413533834586466, 0.2538345864661654, 0.2505263157894737, 0.2475187969924812, 0.2538345864661654, 0.2544360902255639, 0.2529323308270677, 0.2517293233082707, 0.24721804511278195, 0.23729323308270678], "avg_mean": 0.3980492216238536, "avg_interval": [-0.007421879573644208, 0.007421879573644208], "whole_mean": 0.25034586466165415, "whole_interval": [-0.0037869311281362728, 0.0037869311281362728]}